{"cameraMode":{"drawMode":0,"name":"Shaded","section":"Shading Mode"},"sceneLighting":false,"audioPlay":false,"sceneViewState":{"showFog":true,"showMaterialUpdate":false,"showSkybox":false,"showFlares":true,"showImageEffects":true,"showParticleSystems":true},"in2DMode":false,"pivot":{"x":728.9454956054688,"y":687.9279174804688,"z":-772.73486328125},"rotation":{"x":-0.14971327781677247,"y":-0.02017134614288807,"z":0.0030550057999789716,"w":-0.9885198473930359},"size":10.0,"orthographic":false}