{"cameraMode":{"drawMode":0,"name":"Shaded","section":"Shading Mode"},"sceneLighting":false,"audioPlay":false,"sceneViewState":{"showFog":true,"showMaterialUpdate":false,"showSkybox":false,"showFlares":true,"showImageEffects":true,"showParticleSystems":true},"in2DMode":false,"pivot":{"x":732.9044799804688,"y":688.8377075195313,"z":-772.2203979492188},"rotation":{"x":-0.16045306622982026,"y":0.4245700538158417,"z":-0.07673680037260056,"w":-0.8877555727958679},"size":2.36602520942688,"orthographic":false}